id,NameA,NameL,Email,Password,Address1,Address2,Phone,City
1,,Abdullah Mohamed,abdullahmohamedezzat@gmail.com,12345,,,,Cairo
6,,MohamedEzzat,mohamedezzatnada@gmail.com,123,,,,New City
13,,MastergamingYT94,abdullahmohamedezzat21@gmail.com,1234,,,,Cairo
28,,Abdullah,abdullahmohamedezzat224@gmail.com,123,521 Address St.,,10885164924,Cairo
29,,Guest,guest@mail.com,Guest4465,123 test st.,456 test st.,12457619252,Test
